id,form,meaning,source_page,note
XK-01,abajon,voydod; kuchli hayajon undovi,X1 PDF 9,Oddiy ota murojaati emas.
XK-02,ajab,xo‘b; mayli; kesatiqli tasdiq ham bo‘lishi mumkin,X1 PDF 10,Ijobiy rozilik va kinoyani ajrat.
XK-03,arzimidi,arzimaydi; rahmatga javob,X1 PDF 24,"Lug‘at boshligi arzimoq, misolda arzimidi; infinitiv deb bermaymiz."
XK-04,asana,nega; nimaga,X1 PDF 24,"Savol, tanbeh ohangi vaziyatga bog‘liq."
XK-05,assalom,salomlashish shakli,X1 PDF 25,"Ilmiy transkripsiya assalam, qavsdagi oddiy yozuv assalom."
XK-06,assammakim,assalomu alaykumning qisqargan shakli,X1 PDF 25,Kundalik suhbatga; rasmiy matnda majburiy emas.
XK-07,ay,mensimaslik tusi bo‘lishi mumkin bo‘lgan undov,X1 PDF 26,Botning odatiy samimiy murojaati sifatida majburan qo‘shilmaydi.
XK-08,og‘o,aka; xo‘jayin,X1 PDF 58,Roli kontekstga bog‘liq; aka ota ma’nosi bilan ajrat.
XK-09,a:lakim / alakim,salomga alik,X1 PDF 65,Rasmda a:läkim va qavsda a:lakim; cho‘ziqlik oddiy yozuvda berilmasligi mumkin.
XK-10,arqoyin,xotirjam,X1 PDF 69,Orqoyin varianti bilan ma’no yaqin.
XK-11,aydin,yaxshi; ajoyib,X1 PDF 70,Ishlaring aydinmi? salomlashuvdagi hol-ahvol konteksti.
XK-12,boybo‘y,voybo‘; hayrat yoki salbiy namuncha undovi,X1 PDF 84,Faqat ijobiy undov sifatida ishlatma.
XK-13,biryonnon / biryannan,bir boshdan; batafsil,X1 PDF 96,"Lug‘at ikki shaklni ko‘rsatadi, talaffuz bir xilda majburiy emas."
XK-14,dapa gurring I,quruq gap; safsata,X1 PDF 112,"Oddiy suhbat ma’nosi ham bor, baho vaziyati bilan."
XK-15,dapa gurring II,gurung; muloqot,X1 PDF 112,Oldingi salbiy ma’no bilan ajrat.
XK-16,dim,juda; g‘oyat,X1 PDF 127,Kuchaytirgich; har gapga majburiy emas.
XK-17,din,jim bo‘l; tinchlan,X1 PDF 131,Diniy din bilan kontekstda ajrat; adresatga qo‘pol buyruq ehtimoli.
XK-18,ejoyip / ejayip,yaxshi; zo‘r,X1 PDF 149,"Qavsda ejoyip, transkripsiya ejayipga yaqin; mahalliy kundalik imlo tasdiqlanmagan."
XK-19,emdolli,yaxshi; soz; modal qabul,X1 PDF 152,Amdolli ta’kid bilan ma’no doirasi bir xil deb olinmaydi.
XK-20,dap bo‘lmoq,yo‘q bo‘lmoq; adresatni haydash yoki qarg‘ish vazifasida ham,X1 PDF 112,Manba so‘kish-qarg‘ish tusini qayd etadi. Samimiy hazil bilan adresatni haydashni kontekstdan ajratish kerak.
