id,form,meaning_uz,conversation_function,register,provenance,constructed_example,notes,modern_tashkent_usage_verified
SK-001,Bratan,yaqin oshna yoki sherikka norasmiy murojaat,yaqinlik,norasmiy,user_seed,"Bratan, tinchmi? Kechga nima plan?",Haqiqiy aka-uka ekanini anglatishi shart emas. Har gapda takrorlanmasin.,False
SK-002,Bratishka,yaqinlik/erkalash tusidagi aka-uka yoki oshnaga murojaat,murojaat,norasmiy,user_seed,"Bratishka, otdushi, vaqtida aytding.",1971 lug‘atida bu so‘z ukaning ruscha tarjima-izohi sifatida bor; ruscha o‘zlashma Toshkentda ishlatilgani dalili emas.,False
SK-003,Rodnoy,"yaqinim, qadrdonim ma’nosidagi iliq norasmiy murojaat",murojaat,norasmiy,user_seed,"Rodnoy, bugun ko‘rinmading-ku. Tinchmi?",Qarindoshlikni majburiy bildirmaydi; kinoyada tus o‘zgarishi mumkin.,False
SK-004,Kotta bola,kattaroq/tajribali yoki o‘zini nufuzli tutayotgan kishiga ishora; ba’zan hazil,ijtimoiy rol yoki kinoya,norasmiy,user_seed,"Ha, kotta bola, endi vaqt topildimi?","Yosh ma’nosi ham bor. Avtomatik ravishda jinoyatchi, boshliq yoki boy degani emas.",False
SK-005,Otdushi,chin dildan; samimiy rahmat yoki ma’qullash,minnatdorlik va kuchaytirish,norasmiy,user_seed,"Otdushi, brat, ishni yengillatding.","Bir vaziyatda rahmat, boshqasida ishni jon-dildan qilish ma’nosi; bir xil tarjima yetmaydi.",False
SK-006,Seryozniy,jiddiy; salmoqli; hazil bo‘lmagan,baholash,norasmiy,user_seed,"Bu seryozniy tema, hazilga olma.",Oddiy ruscha sifat ham; har ishlatilishi slang bo‘lavermaydi.,False
SK-007,Tupik,berk ko‘cha; ko‘chma ma’noda yechimsiz yoki yo‘lsiz holat,joy yoki muammo tavsifi,norasmiy,user_seed,"Bu variant tupik, boshqa yo‘lini ko‘ramiz.",To‘g‘ri va ko‘chma ma’no ajratilsin; doimo ko‘cha jargoni emas.,False
SK-008,Dvijeniya,"harakat, faollik, rejalar, yig‘ilish yoki davra",reja va faoliyat,norasmiy,user_seed,Kechga nima dvijeniya? Bolla yig‘ilvotti.,Qaysi harakat yoki davra ekani kontekstdan; maxsus noqonuniy ish degan ma’no yuklanmaydi.,False
SK-009,Kidat qilmoq,"aldash, kelishuvni buzish, va’daga turmaslik yoki sherikni yarim yo‘lda qoldirish",ishonch va kelishuv,norasmiy,user_seed,"Kelaman deb kidat qima, plan o‘zgarayotgan bo‘lsa ayt.",Pul bilan aldash va kelmay qo‘yish bir xil vaziyat emas; obyekt va kontekst saqlansin.,False
SK-010,Zashshita qilish,himoya qilish; tarafini olish,himoya va yordam,norasmiy,user_seed,"Rodnoy, faktni ayt, kim haq bo‘lsa o‘shani zashshita qilamiz.",Diplom himoyasi yoki sport himoyasi alohida ma’no. Taraf olish tahdid qilishga teng emas.,False
SK-011,Vapshe,"umuman; kuchli ta’kid, hayrat yoki baholash",ta’kid,norasmiy,user_seed,Bu vapshe boshqa tema ekan-ku.,Vapshe bilmayman va vapshe zo‘r vaziyatlari boshqa; butun gapga qarab izohlanadi.,False
SK-012,Brat,"oshna, birodar deb yaqin murojaat",murojaat,norasmiy,analyst_candidate_not_verified,"Brat, gapni ochiq ayt.",Bratan bilan bir oiladagi murojaat; real chat chastotasi yo‘q.,False
SK-013,Malades,"barakalla, qoyil",maqtov,norasmiy,analyst_candidate_not_verified,"Malades, ishni vaqtida bitiribsan.",Ohangga qarab kinoya ham bo‘lishi mumkin.,False
SK-014,Krasavchik,"qoyil, zo‘r ish qilgan odam; aslida kelishgan yigit",maqtov,norasmiy,analyst_candidate_not_verified,"Krasavchik, otdushi, hammasini joyiga qo‘yibsan.",Asl tashqi ko‘rinish ma’nosi bilan ko‘chma maqtov ajratiladi.,False
SK-015,Chotki,"aniq, puxta, zo‘r",baholash,norasmiy,analyst_candidate_not_verified,"Plan chotki, endi vaqtini kelishamiz.",Taklif etilgan yozuvlar; qaysi variant mahalliyroq ekani tekshirilmagan.,False
SK-016,Realniy,"haqiqiy, amalda bor; ishonchli yoki jiddiy",baholash,norasmiy,analyst_candidate_not_verified,"Realniy gap bo‘lsa ayt, taxminni keyin ko‘ramiz.",Fakt ma’nosi bilan maqtov ma’nosi bir emas.,False
SK-017,Krutoy,"zo‘r, ta’sirli, nufuzli",baholash,norasmiy,analyst_candidate_not_verified,"Krutoy chiqibdi, gap yo‘q.",Nufuzli deyish har doim hurmat yoki jinoyat maqomini bildirmaydi.,False
SK-018,Jostki,"qattiq, og‘ir, keskin; ba’zan juda kuchli",baholash,norasmiy,analyst_candidate_not_verified,"Bugungi kun jostki bo‘ldi, endi dam olamiz.",Ijobiy yoki salbiy tus kontekstga bog‘liq.,False
SK-019,Bez bazara,"e’tirozsiz, albatta, kelishdik",rozilik,norasmiy,analyst_candidate_not_verified,"Bez bazara, o‘sha vaqtda boraman.",Umumiy ruscha ko‘cha iborasi nomzodi; Toshkentga mutlaq xos emas.,False
SK-020,Bazar yo‘q,gap yo‘q; kelishdik yoki yaxshi ekan,rozilik yoki maqtov,norasmiy,analyst_candidate_not_verified,"Bazar yo‘q, plan shu bo‘lsin.",Bozor yo‘qligi ma’nosi bilan aralashtirilmaydi.,False
SK-021,Bazar qilma,"ortiqcha gapirma, bahslashma degan keskin ibora",keskin e’tiroz,norasmiy,analyst_candidate_not_verified,"Bazar qima, oldin faktni ko‘raylik.",Buyruq tusidagi ibora; oddiy savolga asossiz javob bo‘lib ketmasin.,False
SK-022,Po faktu,"amalda, faktga ko‘ra, gapning asl holati",aniqlashtirish,norasmiy,analyst_candidate_not_verified,"Po faktu, vaqtimiz yetmayapti.",Slang ifoda faktni o‘z-o‘zidan tasdiqlamaydi.,False
SK-023,Po lyubomu,"baribir, qanday bo‘lsa ham, aniq",ishonch yoki zarurat,norasmiy,analyst_candidate_not_verified,Po lyubomu bugun kelishib olishimiz kerak.,Ishonch ifodasi dalil o‘rniga qo‘yilmaydi.,False
SK-024,Karoche,qisqasi; gapni umumlashtirish yoki yangi nuqtaga o‘tish,diskurs bog‘lovchi,norasmiy,analyst_candidate_not_verified,"Karoche, ikki variant bor.",Har gap boshida takrorlansa uslub sun’iylashadi.,False
SK-025,Tema,"mavzu, masala, taklif yoki ma’qul variant",mavzu va baholash,norasmiy,analyst_candidate_not_verified,"Bu tema ekan, ko‘rib chiqamiz.",Yashirin/taqiqlangan ish ma’nosi avtomatik yuklanmaydi.,False
SK-026,Tusovka,"yig‘ilish, davra, do‘stlar bilan vaqt o‘tkazish",ijtimoiy faoliyat,norasmiy,analyst_candidate_not_verified,"Tusovka keyin, oldin ishni tugataylik.",Yig‘ilish turi kontekst bilan aniqlanadi.,False
SK-027,Pont,"o‘zini ko‘rsatish, ko‘z-ko‘z qilish",ijtimoiy baholash,norasmiy,analyst_candidate_not_verified,"Gapda pont ko‘p, natijani ham ko‘raylik.",Avtomatik shaxsni haqorat qilish o‘rniga xatti-harakatga bog‘lansin.,False
SK-028,Pont qilmoq,o‘zini ko‘rsatish yoki ortiqcha kerilish,ijtimoiy baholash,norasmiy,analyst_candidate_not_verified,"Pont qima, bilmasang ochiq ayt.",Keskin murojaat; barcha foydalanuvchilarga birday qo‘llanmaydi.,False
SK-029,Prikol,"hazil, kulgili yoki qiziq holat",hazil va hayrat,norasmiy,analyst_candidate_not_verified,"Prikolni qara, ikkovimiz bir xil plan qilibmiz.",Hazil va qiziq vaziyat ma’nolari farqlanadi.,False
SK-030,Oblom,"rejaning o‘xshamasligi, hafsalani pir qilgan natija",salbiy natija,norasmiy,analyst_candidate_not_verified,"Joy band ekan, oblom bo‘ldi.",Oddiy rad javobini hujumdek talqin qilmaslik kerak.,False
SK-031,Razbor,"masalani aniqlash, muhokama; kontekstda hisob-kitob yoki tortishuv",muammoni hal qilish,norasmiy,analyst_candidate_not_verified,"Razborni gap bilan qilamiz, nima bo‘lganini ayt.",Tortishuv ma’nosi mumkin; ko‘rib chiqish ham bo‘lishi mumkin.,False
SK-032,Otvet,javob; vaziyatda mas’uliyat yoki javob qaytarish,javob va mas’uliyat,norasmiy,analyst_candidate_not_verified,"Savolga otvet bor, hozir tushuntiraman.",Har holatda tahdid ma’nosiga aylantirilmaydi.,False
SK-033,Bomba,"juda zo‘r, kuchli taassurot qoldiradigan",maqtov,norasmiy,analyst_candidate_not_verified,Natija bomba chiqibdi.,Bu namunada ko‘chma maqtov; asl predmet ma’nosi alohida.,False
SK-034,Top,"juda yaxshi, yuqori darajadagi",maqtov,norasmiy,analyst_candidate_not_verified,"Shu variant top, shundan boshlaymiz.",Umumiy internet so‘zlashuvi; maxsus Toshkent belgisi emas.,False
SK-035,Kayf,"rohat, yaxshi hissiyot; zo‘r degan baho",hissiy baholash,norasmiy,analyst_candidate_not_verified,"Ish bitdi, endi kayf qilib dam olamiz.",Rohatni doimo mastlik bilan tenglashtirish noto‘g‘ri.,False
SK-036,Prosta,"shunchaki, oddiygina; ta’kid",izoh va ta’kid,norasmiy,analyst_candidate_not_verified,"Prosta vaqti mos kelmadi, boshqa kuni qilamiz.",Ba’zan oddiy ruscha so‘z; hamma hollarda slang emas.,False
SK-037,Ko‘ki,dollar o‘rnida ishlatilgan savdogarlar jargoni,pul haqida,norasmiy,pdf_social_jargon_not_tashkent_specific,Ko‘kida aytyapsanmi yoki so‘mda?,Ashirboyev ijtimoiy jargon misoli sifatida beradi; Toshkent ko‘cha nutqining bugungi chastotasi tasdiqlanmagan.,False
SK-038,Yakan,pul o‘rnida ishlatilgan jargon,pul haqida,norasmiy,pdf_social_jargon_not_tashkent_specific,Yakan masalasini oldindan kelishaylik.,Kitob yallachilar kontekstida beradi; umumiy Toshkent so‘zi deb belgilanmaydi.,False
SK-039,Otar,to‘y o‘rnida qo‘llangan yallachilar jargoni,kasbiy tadbir,norasmiy,pdf_social_jargon_not_tashkent_specific,"Otar haqida gapiryapsanmi, oddiy uchrashuvmi?",Kitobdagi ma’no; zamonaviy ijrochilar ishlatishiga alohida dalil kerak.,False
SK-040,Blya,qo‘pol hissiy undov; norozilik/hayrat,hissiy undov,qo‘pol,analyst_candidate_not_verified,"Blya, kalitni yana uyda qoldiribman.",Bu namunada o‘z holatiga undov; suhbatdoshga haqorat emas.,False
SK-041,Pizdes,"o‘ta keskin holat, katta muammo yoki kuchli hayratni ifodalovchi qo‘pol undov",hissiy kuchaytirish,qo‘pol,analyst_candidate_not_verified,Bugungi tirbandlik pizdes ekan.,Ijobiy hayrat ma’nosi ham bo‘lishi mumkin; juda qo‘pol.,False
SK-042,Zayebis,juda yaxshi/zo‘r ma’nosidagi qo‘pol baho,maqtov,qo‘pol,analyst_candidate_not_verified,"Zayebis, plan o‘xshadi.",Oddiy hurmatli suhbatga ko‘chirilmaydi; juda qo‘pol.,False
