form	meaning	source	page	anchor	regions	note	role
abajon	voydod; kuchli hayajon undovi	X1	9	voydod	Xiva,Yangiariq,Bog‘ot	Oddiy ota murojaati emas.	hissiyot
abgor	muhtoj; ahvoli og‘ir	X1	9	kambag	Urganch,Xiva,Xonqa	Achinish yoki holat tavsifi; adresatga majburan yopishtirilmaydi.	holati
adan	poygah; xonaning eshikka yaqin qismi	X1	9	poygah	Urganch,Bog‘ot,Shovot,Xonqa,Yangibozor,Gurlan,Xiva	Joy ma’nosi.	ro‘zg‘or
adi	edi; to‘liqsiz fe’l	X1	9	toMiqsiz fe	Xiva,Bog‘ot,Hazorasp,Urganch,Shovot,Xonqa	Zamon va modal vazifasi kontekst bilan.	grammatika
adik	etik	X1	9	etik, oyoq kiyim	Xonqa,Urganch,Shovot,Bog‘ot	Barcha oyoq kiyimining universal nomi emas.	ro‘zg‘or
adiyol	ko‘rpa; yopinchiq	X1	9	ko'rpa	Xiva,Bog‘ot,Urganch	Uy buyumi.	ro‘zg‘or
ajab	xo‘b; mayli; kesatiqli tasdiq ham bo‘lishi mumkin	X1	10	kesatiq	Xonqa,Urganch,Xiva	Ijobiy rozilik va kinoyani ajrat.	diskurs
aji-buji	g‘alati; bachkana; g‘ayrioddiy	X1	10	bach	Xiva,Urganch,Bog‘ot	Baho adresat va ohangga bog‘liq.	baho
aka	ota; dada	X1	10	dada, ota	lug‘atda: barcha Xorazm hududlari	Standart katta aka ma’nosiga avtomatik tenglashtirilmaydi; tuman jadvali alohida.	qarindoshlik
akan	ekan	X1	10	To‘liqsiz fe	Xiva,Urganch,Bog‘ot	Natija yoki modal ma’noni saqla.	grammatika
akin	ekin	X1	11	hosil olisli	Xiva,Xonqa,Qo‘shko‘pir,Yangiariq,Bog‘ot,Hazorasp	Agrar mavzu.	xo‘jalik
akizak	egizak	X1	11	birga tug	Xonqa	Boshqa egiz varianti ham bor.	oila
akkal	olib kel	X1	11	-o lib kel	Xiva,Urganch,Bog‘ot	Buyruq; akkelmoq bilan tuman farqi bor.	fe’l
akkelmoq	olib kelmoq	X1	11	keltir	Gurlan,Yangibozor,Bog‘ot	Bog‘ot kodi vizual sahifadan tiklandi.	fe’l
akmoq	ekmoq	X1	11	o'simlik urug	Bog‘ot,Xiva	Kelmoq bilan adashtirma.	fe’l
akslik	qaysarlik	X1	12	qaysarlik	Xiva,Urganch,Bog‘ot	Holatni baholaydi.	baho
al	qo‘l	X1	12	barmoq uchlaridan	Xonqa,Xiva	Gurlan/Yangibozorda el varianti manbada alohida.	tana
alak	elak	X1	12	un elash	Urganch,Bog‘ot,Xonqa,Shovot,Xiva	Uy buyumi.	ro‘zg‘or
alam I	hasrat; g‘am	X1	12	hasrat	lug‘atda: barcha Xorazm hududlari	Bayroq ma’nosi alohida karta.	hissiyot
alam II	bayroq	X1	13	bayroq	Xivaning ayrim hududlari	Barcha alam so‘zlarini bayroq deb olma.	lokal ma’no
alashtirmoq	aybga buyurmoq; koyishga oid	X1	13	aybga buyurmoq	Xiva,Xonqa,Hazorasp,Yangiariq,Urganch,Bog‘ot,Qo‘shko‘pir	Lug‘at izohi noqulay; misol inkor shaklida aybga buyurmang degan vazifada.	muomala
aldin	oldin; avval	X1	13	oldin, avval	Xiva,Xonqa,Urganch,Yangiariq	Vaqt tartibi saqlanadi.	vaqt
allag‘aloy	yaxshi; ajoyib; o‘zgacha	X1	14	odatdagidan boshqacha	Gurlan,Yangibozor	Bir necha baho ma’nosi bor.	baho
almisoq	juda eski; qadimdan qolgan	X1	15	juda eski	lug‘atda: barcha Xorazm hududlari	Ko‘chma baho.	baho
amdolli	fikrni qayta ta’kidlash uchun modal so‘z	X1	16	fikrni tasdiqlash	Xiva,Xonqa,Hazorasp,Yangiariq,Urganch,Bog‘ot	Emdolli kartasiga mutlaq tenglashtirilmaydi.	diskurs
ana I	buvi; katta ayolga hurmat shakli	X1	16	buvi	lug‘atda: barcha Xorazm hududlari	Ona yoki ko‘rsatish olmoshi ana bilan aralashtirma.	qarindoshlik
ana II	qiz yoki yosh kelinga undov murojaat	X1	16	qiz bo la	Xivaning ayrim hududlari	Har suhbatdoshga ishlatish tavsiya qilinmaydi.	murojaat
anaqo‘y	qizlarni erkalash murojaati	X1	17	qizlarni erkalash	Xorazmning ayrim hududlari	Adresatga moslikni tekshir.	murojaat
anuv	anavi	X1	18	anavi	Gurlan,Yangibozor,Bog‘ot	Ko‘z oldida bo‘lmagan narsaga ham ishora.	olmosh
anyaqo	u yoqqa	X1	18	u yoqqa	Gurlan,Yangibozor,Bog‘ot	Harakat yo‘nalishi.	makon
anzurt / anzurut	noyob; kam topiladigan	X1	19	noyob, nodir	Urganch,Xonqa,Xiva	Ot yoki narsa bahosi.	baho
apashlamoq / apashaklamoq	avaylamoq; ehtiyot qilmoq	X1	19	avaylamoq	Xiva,Urganch,Shovot,Bog‘ot,Qo‘shko‘pir,Xonqa	Epashlamoq varianti ham bor.	fe’l
apka / appiyi / apcha	opa; hurmatli ayolga murojaat	X1	19	opa,	Xiva,Urganch,Shovot,Bog‘ot,Qo‘shko‘pir,Xonqa	Apa ona ma’nosi bilan ajrat.	qarindoshlik
apkaldi / akkaldi / apkildi	olib keldi	X1	20	olib kelmoq	Urganch,Xiva,Xonqa,Hazorasp,Yangiariq,Yangibozor,Gurlan	Lug‘at umumiy olib kelmoq deb izohlaydi, shakl esa o‘tgan zamon; avtomatik lemma emas.	fe’l shakli
aplama	naridan-beri; tartibsiz bajarilgan	X1	20	naridan-beri	Xiva,Urganch,Gurlan,Yangibozor	Ish sifati bahosi.	baho
aplamoq	eplamoq; uddalamoq	X1	20	uddalab bajarish	Urganch,Shovot,Xonqa	Bilmoq yordamchi fe’li bilan imkoniyat konteksti ham bor.	fe’l
apli	epli; uddalay oladigan	X1	20	uddalay oluvchi	Xiva,Urganch	Qobiliyat bahosi.	baho
appar / apparibar	olib ber	X1	20	olib ber	Xonqa,Qo‘shko‘pir,Urganch,Bog‘ot	Buyruq; hudud bo‘yicha appermak varianti bor.	fe’l
appermak	olib bermoq	X1	21	olib bermoq	Gurlan,Yangibozor	Fe’lning shaxsi va maylini saqla.	fe’l
ar I	er; turmush o‘rtoq	X1	21	turmush o4rtoq	lug‘atda: barcha Xorazm hududlari	Ar II erta tong ma’nosi alohida.	oila
ar II	erta tong; sahar	X1	21	erta tong	Xorazmning ayrim hududlari	Ar I er ma’nosi bilan ajrat.	vaqt
arimak I	erimoq	X1	22	issiq ta’siri	Xiva,Xonqa,Hazorasp,Yangiariq,Urganch,Qo‘shko‘pir	Arimoq dard ketishi ma’nosi bilan ajrat.	fe’l
arimoq II	dard yoki alam ketmoq	X1	23	dardlar	Xiva,Urganch,Bog‘ot	Omonim yoki yaqin variant kontekstga bog‘liq.	fe’l
arik	o‘rik	X1	23	mevasi esa	Qo‘shko‘pir,Urganch,Xonqa,Shovot,Bog‘ot,Xiva	Ariq suv yo‘li ma’nosi bilan adashtirma.	meva
artang / ertang	ertaga	X1	24	so‘z borayotgan kundan	Urganch,Shovot,Bog‘ot,Hazorasp	Oddiy yozuvda ng bilan; transkripsiya saqlangan rasmdan tekshirildi.	vaqt
arzimidi	arzimaydi; rahmatga javob	X1	24	Arzimidi	Bog‘ot,Xiva	Lug‘at boshligi arzimoq, misolda arzimidi; infinitiv deb bermaymiz.	muomala
asa	esa	X1	24	bog'lovchisi	Xiva,Xonqa,Bog‘ot,Shovot	Qiyos va mavzu o‘tishi.	diskurs
asana	nega; nimaga	X1	24	nega, nimaga	Urganch,Shovot,Xonqa,Bog‘ot,Qo‘shko‘pir	Savol, tanbeh ohangi vaziyatga bog‘liq.	savol
assalom	salomlashish shakli	X1	25	Salom berish	Xiva,Urganch,Bog‘ot	Ilmiy transkripsiya assalam, qavsdagi oddiy yozuv assalom.	muomala
assammakim	assalomu alaykumning qisqargan shakli	X1	25	assalomu alaykum	Urganch,Shovot,Xonqa,Bog‘ot	Kundalik suhbatga; rasmiy matnda majburiy emas.	muomala
atmak	qilmoq	X1	26	biror bir ishni bajarmoq	Xiva,Xonqa,Bog‘ot	Aytmoq emas; ish-harakat fe’li.	fe’l
ay	mensimaslik tusi bo‘lishi mumkin bo‘lgan undov	X1	26	mensimaslik	Xiva,Xonqa,Yangiariq,Urganch	Botning odatiy samimiy murojaati sifatida majburan qo‘shilmaydi.	pragmatika
ayar	agar	X1	26	agar, bog	Bog‘ot,Urganch,Shovot,Xonqa,Qo‘shko‘pir,Yangiariq	Shart ma’nosi saqlanadi.	bog‘lovchi
ayyom / eyyom	allaqachon	X1	27	allacjachon	Xiva,Xonqa,Hazorasp,Yangiariq,Urganch,Bog‘ot,Qo‘shko‘pir	Vaqt munosabati; eyyam varianti alohida sahifada.	vaqt
ashunchakki / ovinchakki / oshundin	shunaqa; shunday	X1	28	slumday	Xorazmning ayrim hududlari	Yozuv aniqligi qayta mahalliy tekshiruvga muhtoj.	olmosh
odosh	adash; bir xil ismli kishi	X1	31	ismi boshqa	Bog‘ot,Urganch,Yangibozor,Gurlan	Adashmoq fe’li emas.	murojaat
ojji-suji	achchiq-chuchuk salat	X1	32	to4g4ralgan pomidor	Qo‘shko‘pir	Taom; transkripsiya j tovushini alohida bildiradi.	taom
oldoqchi	yolg‘onchi; aldamchi	X1	33	kazzob	lug‘atda: barcha Xorazm hududlari	Adresatga dalilsiz aytilmaydi.	baho
olpadim	olgan edim	X1	34	olgan edim	Xonqa	Lokal murakkab o‘tgan zamon shakli.	fe’l shakli
omonliq	eson-omonlik; tinchlik	X1	35	tinchlik-totuvlik	lug‘atda: barcha Xorazm hududlari	Hol-ahvol va eson-omonlik savoli.	muomala
omosog‘	eson-omon; sog‘-salomat	X1	35	sog‘-salomat	lug‘atda: barcha Xorazm hududlari	Amasag transkripsiya; oddiy yozuv qavsidan.	holati
opo / apa	ona; oyi	X1	36	ona ( Xorazmning	lug‘atda: barcha Xorazm hududlari	Manbada qavs opo, bosh shakl apa; opa apka ma’nosi alohida.	qarindoshlik
opobiyi	katta opa	X1	36	o'zidan katta	Gurlan,Yangibozor	Biyi kelinoyi ma’nosi bilan ajrat.	qarindoshlik
oqliq I	qatiq va sut mahsulotlari	X1	37	qatiq va sut	Xonqa,Urganch tumani	Oqliq II oq mato va sovchilik roziligi boshqa ma’no.	taom
oqliq II	sovchilikda rozilik sifatida beriladigan oq mato	X1	37	sovchilarga rozilik	Bog‘ot,Urganch,Yangibozor,Xiva,Yangiariq	Madaniy kontekst.	marosim
oqtiq-chovliq	nevara-chevara	X1	38	nevara-chevara	lug‘atda: barcha Xorazm hududlari	Qarindoshlik avlodi.	qarindoshlik
oroyish	osoyishtalik	X1	39	osoyishtalik	Xiva,Xonqa,Hazorasp	Lokal ma’no.	holati
ori I	toza; yangi	X1	39	toza, yangi	Yangiariq,Xiva	Ori ari yoki nari varianti bilan adashtirma.	baho
ori III / orroq	nari; uzoqroq	X1	40	olis	Xorazmning ayrim hududlari	Ori I toza va ari hasharot ma’nolari alohida.	makon
arqa / orqo II	shimol tomon	X1	41	sliimol tomon	Hazorasp,Urganch,Shovot,Bog‘ot,Qo‘shko‘pir,Gurlan,Yangibozor	Orqa tana qismi boshqa ma’no.	makon
orqoyin / arqoyin	xotirjam; betashvish	X1	41	betashvish	lug‘atda: barcha Xorazm hududlari	Shoshmaydigan kishi ma’nosi ham alohida izohlangan.	holati
ort / art	tozala; art	X1	42	tozala ma’nosida	Urganch,Shovot,Gurlan,Yangibozor,Xiva,Xonqa,Yangiariq,Bog‘ot,Hazorasp,Qo‘shko‘pir	Yuk ortmoq ma’nosi bilan ajrat.	fe’l
ortmoq / artmoq II	yuklamoq; yuk ortmoq	X1	43	yukni ortmoq	Xiva,Urganch	Tozalamoq fe’lining yozuviga yaqin.	fe’l
oston	sekin; ohista	X1	45	shoshmasdan	lug‘atda: barcha Xorazm hududlari	Shoshmasdan harakat qilish.	ravish
ov / hov	iye; hayajon undovi	X1	48	his-hayajon undov	lug‘atda: barcha Xorazm hududlari	Ov qilish ma’nosi bilan ajrat.	hissiyot
ovo / ava	ha; tasdiq	X1	48	modal so‘z	Qo‘shko‘pir,Shovot,Urganch	Barcha javobda ishlatilishi shart emas.	diskurs
oviz	og‘iz suti; yangi tuqqan sigir suti	X1	49	og‘iz suti	Yangibozor,Gurlan	Oddiy tana a’zosi og‘iz bilan adashtirma.	xo‘jalik
ovrimoq	og‘rimoq	X1	50	kasal bo4Imoq	Yangibozor,Gurlan,Bog‘ot	Tibbiy tashxis emas, so‘z izohi.	holati
ovzibirchilik	hamjihatlik; birdamlik	X1	50	hamjihatlik	Gurlan,Yangibozor,Bog‘ot	Ko‘chma ma’no.	ijtimoiy
ovushmoq III	ortib qolmoq	X1	51	ortib qolmoq	Gurlan	Ichi achishmoq yoki og‘rimoq ma’nosi emas.	fe’l
oxtiq / axtiq	nevara	X1	51	nabira	lug‘atda: barcha Xorazm hududlari	Oxtiq qavsdagi, axtiq keyingi bo‘limdagi shakl.	qarindoshlik
oyoq II	qishloqning quyi qismi	X1	52	qishloqning quyi	Hazorasp,Bog‘ot,Xonqa	Tana a’zosi oyoq ma’nosiga qo‘shimcha lokal ma’no.	makon
oydin I	ish-harakatning yaxshiligi	X1	53	axvoli yaxshiroq	lug‘atda: barcha Xorazm hududlari	Aydin karta bilan variant; ko‘l chuquri ma’nosi alohida.	baho
oydin II	ko‘lning eng chuqur joyi	X1	53	koMning eng chuq	lug‘atda: barcha Xorazm hududlari	Yaxshi ma’nosi bilan ajrat.	makon
oyno	ko‘zgu	X1	55	ko‘zgu	lug‘atda: barcha Xorazm hududlari	Deraza ma’nosiga avtomatik o‘tkazma; lug‘at misoli aks etish haqida.	ro‘zg‘or
oynonin	erkalash murojaati	X1	55	erkalash	Xiva,Urganch	Notanishga majburiy murojaat emas.	murojaat
oyri I	alohida	X1	56	o‘ziga mustaqil	Urganch,Qo‘shko‘pir,Xonqa,Hazorasp	Bog‘lovchi va yog‘och ma’nolari ham bor.	diskurs
oytmoq	aytmoq; demoq	X1	57	Ddrd	lug‘atda: barcha Xorazm hududlari	Atmak qilmoq bilan adashtirma.	fe’l
ozondo / azanda	ertalab	X1	57	ertalab	lug‘atda: barcha Xorazm hududlari	Vaqt ko‘rsatkichi.	vaqt
ozg‘ino / azgina	ozgina	X1	58	miqdor	lug‘atda: barcha Xorazm hududlari	Pitta bilan yaqin ma’no, son bitta boshqa.	miqdor
og‘o	aka; xo‘jayin	X1	58	xo‘jayin	lug‘atda: barcha Xorazm hududlari	Roli kontekstga bog‘liq; aka ota ma’nosi bilan ajrat.	murojaat
osh	mastava; guruch yoki jugaridan suyuq ovqat	X1	60	niastava	lug‘atda: barcha Xorazm hududlari	Har osh so‘zini palov deb olma; yozuv sifati ehtiyot.	taom
oshoq	past; quyi	X1	60	past, quyi	Hazorasp,Shovot,Bog‘ot,Qo‘shko‘pir,Xiva	Makon.	makon
ochilishmoq I	kayfiyat yaxshilanmoq; kasaldan tuzala boshlamoq	X1	62	kayfiyali yaxshilanmoq	Gurlan,Yangibozor,Bog‘ot,Shovot,Urganch,Xiva,Xonqa,Yangiariq	Ma’no kontekst bilan.	holati
ochilishmoq II	dilkash suhbatlashmoq; erkin his qilmoq	X1	62	dilkashlik	lug‘atda: barcha Xorazm hududlari	Birinchi ma’no bilan ajrat.	muomala
ong	oling	X1	62	biror-bir narsani olish	Urganch,Gurlan,Yangibozor,Xiva,Xonqa,Hazorasp,Yangiariq,Shovot	Boshqa ong tushunchasi bilan adashtirma; shakl vizual tekshiruvga muhtoj.	fe’l shakli
ongsot / angsat	oson	X1	64	murakkab	lug‘atda: barcha Xorazm hududlari	Oddiy yozuv qavsdagi ongsot; angsat transkripsiya yaqinlashtirishi.	baho
a:lakim / alakim	salomga alik	X1	65	salomiga javob	Urganch,Bog‘ot,Yangibozor,Gurlan,Xonqa	Rasmda a:läkim va qavsda a:lakim; cho‘ziqlik oddiy yozuvda berilmasligi mumkin.	muomala
oljoq	olmoqchi	X1	66	olmoqchi	Urganch,Qo‘shko‘pir	Niyat ma’nosi; kelajak shakllari bilan bog‘liq.	fe’l shakli
arqoyin	xotirjam	X1	69	betashvish	Urganch,Xiva,Xonqa,Hazorasp,Bog‘ot,Qo‘shko‘pir	Orqoyin varianti bilan ma’no yaqin.	holati
axsham	kecha	X1	70	kecha	lug‘atda: barcha Xorazm hududlari	Bu lug‘atda yesterday; boshqa tillardagi evening ma’nosini avtomatik bermang.	vaqt
aydin	yaxshi; ajoyib	X1	70	ta’rifga	Qo‘shko‘pir,Urganch,Xiva,Bog‘ot,Yangibozor	Ishlaring aydinmi? salomlashuvdagi hol-ahvol konteksti.	baho
ag‘ach	yog‘och	X1	71	yog'och	Urganch,Qo‘shko‘pir,Xiva,Yangiariq	Predmet.	ro‘zg‘or
baklamoq	berkitmoq; yopmoq	X1	74	bekitib	Urganch,Qo‘shko‘pir,Bog‘ot,Yangiariq,Shovot	Baklama tuzlama taomi boshqa ma’no.	fe’l
bakli	berkilgan; yopiq	X1	74	yopiq	lug‘atda: barcha Xorazm hududlari	Predmet holati.	holati
balli	ma’lum; belgilangan	X1	75	ma'lum, belgi	Urganch,Xiva,Xonqa,Hazorasp,Yangiariq	Standart maqtov balli bilan avtomatik birlashtirma.	baho
barak I / bo‘rak	chuchvara	X1	75	chuchvara	Xorazmning ayrim hududlari	Barak marosimi bilan ajrat.	taom
barak II	to‘yning ertasidagi kelin ko‘rdi	X1	75	kelin ko‘rdi	Qo‘shko‘pir,Urganch,Xonqa,Yangibozor,Bog‘ot	Madaniy kontekst.	marosim
ba:s	bahs; tortishuv	X1	75	balls,	Xorazmning ayrim hududlari	OCR bars bo‘lib buzilgan, rasmda ba:s; cho‘ziqlik.	diskurs
bavak / buvak	chaqaloq	X1	75	go4dak	Urganch,Xiva,Yangiariq,Xonqa	Yosh haqida aynan chaqaloq.	oila
bo / ba:	bor; mavjud	X1	76	mavjud	lug‘atda: barcha Xorazm hududlari	Cho‘ziqlik ilmiy shaklda; ko‘chma borlik emas.	grammatika
bol	asal	X1	77	asal	lug‘atda: barcha Xorazm hududlari	Bo‘lmoq fe’li bilan ajrat.	taom
boldiz	qayin singil	X1	78	erning singlisi	Qo‘shko‘pir,Urganch,Xonqa,Yangibozor,Bog‘ot	Er/xotinga nisbatan qarindoshlik roli aniqlanadi.	qarindoshlik
bo:no I	bahona	X1	78	bahona	Urganch,Xiva,Xonqa,Hazorasp,Shovot	Bo:no II buyoqqa bilan ajrat.	diskurs
bo:no II	bu yoqqa	X1	79	bu yoqqa	Urganch,Xonqa,Xiva	Makon yo‘nalishi; bahona ma’nosi emas.	makon
borlamoq I	yo‘qlamoq; xabar olmoq	X1	80	xabar olmoq	Xiva,Yangiariq,Qo‘shko‘pir	Qidirmoq ma’nosi alohida.	fe’l
borlamoq II	qidirmoq	X1	80	qidirmoq	Xorazmning ayrim hududlari	Kontekstga qarab.	fe’l
boybo‘y	voybo‘; hayrat yoki salbiy namuncha undovi	X1	84	hayrat	lug‘atda: barcha Xorazm hududlari	Faqat ijobiy undov sifatida ishlatma.	hissiyot
bozorgun / bazargun	yakshanba	X1	85	yakshanba	lug‘atda: barcha Xorazm hududlari	Har qanday bozor boriladigan kun emas.	vaqt
beda	bu yerda	X1	86	bu yerda	Urganch,Qo‘shko‘pir,Xiva,Xonqa,Bog‘ot,Hazorasp,Shovot,Yangiariq	Beda o‘simligi bilan ajrat.	makon
bargi / bergi	qarz	X1	88	qarz	Xorazmning ayrim hududlari	Barg o‘simlik qismi bilan adashtirma.	ijtimoiy
bikash / bikach	qayinsingil; qizlar orasida hazil murojaati	X1	89	qizlar bir-biriariga	Urganch,Xiva	Adresat va munosabatga bog‘liq.	murojaat
bilak II	bilag‘on	X1	91	bilarmon	Xorazmning ayrim hududlari	Tana a’zosi bilak boshqa ma’no.	baho
biltir	bultur; o‘tgan yili	X1	92	o‘tgan yili	lug‘atda: barcha Xorazm hududlari	Vaqt.	vaqt
birdin / birdiy	birdek; baravar	X1	94	baravar	Xorazmning ayrim hududlari	Qiyos.	ravish
biryonnon / biryannan	bir boshdan; batafsil	X1	96	batafsil	Urganch,Qo‘shko‘pir,Xiva,Xonqa,Bog‘ot,Hazorasp,Shovot,Yangiariq	Lug‘at ikki shaklni ko‘rsatadi, talaffuz bir xilda majburiy emas.	diskurs
birzomon / birzaman	bir lahza	X1	96	ko'z ocliib yumguncha	lug‘atda: barcha Xorazm hududlari	Vaqt.	vaqt
bitir	bitkaz; tugat	X1	96	Yakun	Urganch,Qo‘shko‘pir,Xiva,Xonqa,Bog‘ot,Hazorasp,Shovot,Yangiariq,Gurlan,Yangibozor	Fe’l.	fe’l
bitta / pitta	ozgina	X1	97	ozgina	Hazorasp,Xonqa,Urganch,Xiva	Standart bitta son ma’nosiga avtomatik tenglashtirilmaydi.	miqdor
biyi I / bexi / begi	behi	X1	98	xushbo‘y mevali	lug‘atda: barcha Xorazm hududlari	Meva.	meva
biyi II / bivi / yengga	kelinoyi; katta ayolga murojaat	X1	98	akaning xotini	Xiva,Urganch,Shovot,Bog‘ot,Qo‘shko‘pir	Biyi behi ma’nosi boshqa.	qarindoshlik
bo‘la	xolavachcha	X1	101	xolavachcha	Gurlan	Bola yosh farzand bilan ajrat.	qarindoshlik
bo‘ldirmoq	tugatmoq; yakunlamoq	X1	103	tugatmoq	Xiva	Universal bo‘lmoq emas.	fe’l
buyun	bugun	X1	106	bugun	Urganch,Xiva,Xonqa,Hazorasp,Yangiariq	Vaqt.	vaqt
buz	muz	X1	106	muz, suvning	Qo‘shko‘pir,Shovot,Xiva,Urganch,Yangiariq	Cho‘ziqlik bu:z; sifat konteksti ham bor.	ro‘zg‘or
dagan / dayan	degan	X1	109	degan	Urganch,Qo‘shko‘pir,Xiva,Xonqa,Bog‘ot,Hazorasp,Shovot,Yangiariq	Sifatdosh va aytish ma’nosi saqlanadi.	grammatika
dak	jim; tinch harakatsiz	X1	109	shovqin solmasdan	Xorazmning ayrim hududlari	O‘tir buyruq konteksti; qo‘pol buyruqqa aylantirma.	holati
damir	temir	X1	110	po‘lat	Urganch,Xiva,Xonqa,Hazorasp,Qo‘shko‘pir	Modda nomi.	ro‘zg‘or
dapa	tepa	X1	112	tepa, yer	Urganch,Qo‘shko‘pir,Xiva,Xonqa,Bog‘ot,Hazorasp,Shovot,Yangiariq	Makon.	makon
dapa gurring I	quruq gap; safsata	X1	112	quruq gap	Urganch,Yangiariq	Oddiy suhbat ma’nosi ham bor, baho vaziyati bilan.	diskurs
dapa gurring II	gurung; muloqot	X1	112	fikr almashinuv	Yangiariq,Yangibozor,Bog‘ot	Oldingi salbiy ma’no bilan ajrat.	diskurs
darruv / darro‘m	darhol; tez	X1	115	zudlik	lug‘atda: barcha Xorazm hududlari	Darrom OCRdagi o yozuvi cho‘ziq bo‘lishi mumkin.	vaqt
dars I	go‘ng; mahalliy o‘g‘it	X1	115	go4ng	lug‘atda: barcha Xorazm hududlari	Dars mashg‘ulot bilan kontekstda ajrat.	xo‘jalik
dars II	dars; mashg‘ulot	X1	116	mashg'ulot	lug‘atda: barcha Xorazm hududlari	Dars I bilan ajrat.	ta’lim
dasmal siqmoq	laganbardorlik qilmoq	X1	116	laganbardorlik	Urganch,Qo‘shko‘pir,Xiva,Xonqa,Bog‘ot,Hazorasp,Shovot,Yangiariq	So‘zma-so‘z mato siqish tarjimasi emas.	ibora
domoq I	tomoq	X1	118	qizilo'ngach	Urganch,Qo‘shko‘pir,Xiva,Xonqa,Bog‘ot,Hazorasp,Shovot,Yangiariq	Ovqat ma’nosi alohida.	tana
domoq II	ovqat; taom	X1	118	taom, yemisli	Xorazmning ayrim hududlari	Tana a’zosi tomoq boshqa ma’no.	taom
donimoq	tanimoq	X1	119	tanish	Urganch,Qo‘shko‘pir,Xiva,Xonqa,Bog‘ot,Hazorasp,Shovot,Yangiariq	Kimni tanish obyektini saqla.	fe’l
doyi	to‘g‘a	X1	122	ayolning aka-ukalari	lug‘atda: barcha Xorazm hududlari	Murojaat adresatga mos bo‘lsin.	qarindoshlik
dagin / don	yana; shuningdek	X1	123	shuning bilan birga	Urganch,Xiva,Xonqa,Qo‘shko‘pir	X4dagi ta’kid don bilan avtomatik birlashtirma.	diskurs
deshon	tashqari	X1	125	bino, uy, hovli	lug‘atda: barcha Xorazm hududlari	Makon.	makon
dil I	til; tana a’zosi	X1	126	ta’m-maza	Urganch,Qo‘shko‘pir,Xiva,Xonqa,Bog‘ot,Hazorasp,Shovot,Yangiariq	Standart dil yurak/ko‘ngil ma’nosiga avtomatik tenglashtirma.	tana
dim	juda; g‘oyat	X1	127	sifatning ortirma	Urganch,Qo‘shko‘pir,Xiva,Xonqa,Bog‘ot,Hazorasp,Shovot,Yangiariq	Kuchaytirgich; har gapga majburiy emas.	daraja
dimotolo / dimatala	birato‘la; bir yo‘la	X1	127	biratoMa	Yangibozor,Gurlan,Hazorasp	Dim bilan alohida ma’no.	ravish
dinnoq I	tirnoq	X1	128	barmoqlar uchining	Urganch,Qo‘shko‘pir,Xiva,Xonqa,Bog‘ot,Hazorasp,Shovot,Yangiariq	Dinnoq II poydevor boshqa.	tana
dinnoq II	poydevor	X1	128	poydevori	Urganch,Qo‘shko‘pir,Xiva,Xonqa,Bog‘ot,Hazorasp,Shovot,Yangiariq	Qurilish ma’nosi.	ro‘zg‘or
din	jim bo‘l; tinchlan	X1	131	sukut saqlab	Urganch,Qo‘shko‘pir,Xiva,Xonqa,Bog‘ot,Hazorasp,Shovot,Yangiariq	Diniy din bilan kontekstda ajrat; adresatga qo‘pol buyruq ehtimoli.	pragmatika
diyma	tugma	X1	134	knopka	Urganch,Xiva,Xonqa	Uy buyumi.	ro‘zg‘or
dish I	tish	X1	134	chaynash	Urganch,Xiva,Xonqa,Yangiariq,Shovot	Dish II astar boshqa.	tana
duvoq	qopqoq	X1	136	qozon qopqog	Shovot,Yangiariq,Xiva,Qo‘shko‘pir	Duvak/tuvak idishi boshqa ma’no.	ro‘zg‘or
duxtir	shifokor	X1	136	shifokor	lug‘atda: barcha Xorazm hududlari	Faqat so‘z izohi.	kasb
dupdurus / dubdurus	tuppa-tuzuk	X1	137	buzilgan	manbada hudud belgilanmagan	Holat bahosi.	baho
dur	to‘xta	X1	140	lo'xtamoq	Urganch,Qo‘shko‘pir,Xiva,Xonqa,Bog‘ot,Hazorasp,Shovot,Yangiariq	Fe’l va holat konteksti.	fe’l
duvak / tuvak I	beshik tuvagi	X1	141	beshikka belangan	Urganch,Qo‘shko‘pir,Xiva,Xonqa,Bog‘ot,Hazorasp,Shovot,Yangiariq,Gurlan,Yangibozor	Qopqoq duvoq bilan ajrat.	ro‘zg‘or
duvak / tuvak II	gul tuvagi	X1	141	gulning	Urganch,Qo‘shko‘pir,Xiva,Xonqa,Bog‘ot,Hazorasp,Shovot,Yangiariq,Gurlan,Yangibozor	Beshik buyumi ma’nosi boshqa.	ro‘zg‘or
duzuvli	tuzuk; yaxshi	X1	143	durust, yaxshi	Urganch,Qo‘shko‘pir,Xiva,Xonqa,Bog‘ot,Hazorasp,Shovot,Yangiariq	Ishlaydigan holat sifatida ham.	baho
dushunmak	tushunmoq	X1	144	tushunmadim	Hazorasp,Xonqa,Shovot	Lug‘atda infinitiv boshliq tushunmadim deb izohlangan; misol inkor-o‘tgan zamon. Ma’no shaxs-zamon bilan olinadi.	fe’l
dog‘ri	to‘g‘ri; rost	X1	146	ha,	lug‘atda: barcha Xorazm hududlari	Yo‘nalish, haqiqat va baho konteksti.	baho
ejoyip / ejayip	yaxshi; zo‘r	X1	149	ta’rifga	lug‘atda: barcha Xorazm hududlari	Qavsda ejoyip, transkripsiya ejayipga yaqin; mahalliy kundalik imlo tasdiqlanmagan.	baho
el I	qo‘l	X1	150	barmoq uclilaridan	Yangibozor,Gurlan	El xalq ma’nosi boshqa.	tana
el II	xalq; xaloyiq	X1	150	xaloyiq	Urganch,Xonqa,Qo‘shko‘pir,Bog‘ot,Yangiariq,Xiva,Yangibozor,Gurlan	Qo‘l ma’nosi bilan ajrat.	ijtimoiy
elasa	shunday bo‘lsa	X1	151	sh unday	Xorazmning ayrim hududlari	Diskurs o‘tishi.	diskurs
elashtirmoq	aybga buyurmoq; inkorda uzr mazmuni	X1	151	aybga	Bog‘ot,Yangibozor,Urganch	Shakl va inkor ma’nosini saqla.	muomala
elot	mahalla; guzar	X1	151	mahalla guzari	Xiva,Xonqa,Hazorasp,Yangiariq,Yangibozor,Gurlan	Mahalla tashkiloti va joyi.	makon
emdolli	yaxshi; soz; modal qabul	X1	152	madal so‘z	Xorazmning ayrim hududlari	Amdolli ta’kid bilan ma’no doirasi bir xil deb olinmaydi.	diskurs
ertay	ertak	X1	154	o'tmish haqida	Xiva,Xonqa	Hikoya janri.	ta’lim
et	go‘sht	X1	155	go‘sht	Xiva,Xonqa,Urganch	X4 jadvalida Xiva bilan cheklangan boshqa kuzatuv, qarama-qarshilik saqlanadi.	taom
etyoji I	mabodo; ehtimollik	X1	155	mabodo	lug‘atda: barcha Xorazm hududlari	Et yoji tahlil qilinmaydi; modal birlik.	diskurs
etyoji II	zaxira; g‘amlab qo‘yilgan narsa	X1	155	g‘amlab	Xorazmning ayrim hududlari	Birinchi ma’no bilan ajrat.	ro‘zg‘or
eyar I	agar	X1	156	shart bog	Xorazmning ayrim hududlari	Egar ma’nosi boshqa.	bog‘lovchi
eyar II	egar	X1	156	abzal	Urganch,Qo‘shko‘pir,Xiva,Xonqa,Bog‘ot,Hazorasp,Shovot,Yangiariq,Yangibozor,Gurlan	Shart bog‘lovchisi ma’nosi bilan ajrat.	xo‘jalik
eyyom / eyyam	allaqachon	X1	158	ancha vaqt oldin	Xorazmning ayrim hududlari	Vaqt.	vaqt
eshik	tashqari; tashqi hovli	X1	159	tashqariga nisbatan	lug‘atda: barcha Xorazm hududlari	Manbada tashqi erkaklar hovlisi ma’nosi ham bor; X4dagi eshik qopi jadvali boshqa ma’no.	makon
engsadan deyish	asabga tegish	X1	159	asabga tegish	Yangibozor,Gurlan	So‘zma-so‘z ensa tegishi emas.	ibora
